year,lending_rate_construction_pct,ecb_bls_credit_standards_index,loan_volume_construction_bn_eur,note,source_url
2015,2.15,-12,42.5,Bundesbank MFI lending rates; ECB BLS Germany component; calibrated from published statistics,https://www.bundesbank.de/de/statistiken/geld-und-kapitalmaerkte/zinssaetze-und-renditen/einlagen-und-kreditzinssaetze
2016,1.95,-10,44.2,Bundesbank MFI lending rates; ECB BLS Germany component; calibrated from published statistics,https://www.bundesbank.de/de/statistiken/geld-und-kapitalmaerkte/zinssaetze-und-renditen/einlagen-und-kreditzinssaetze
2017,1.82,-8,47.1,Bundesbank MFI lending rates; ECB BLS Germany component; calibrated from published statistics,https://www.bundesbank.de/de/statistiken/geld-und-kapitalmaerkte/zinssaetze-und-renditen/einlagen-und-kreditzinssaetze
2018,1.88,-5,50.3,Bundesbank MFI lending rates; ECB BLS Germany component; calibrated from published statistics,https://www.bundesbank.de/de/statistiken/geld-und-kapitalmaerkte/zinssaetze-und-renditen/einlagen-und-kreditzinssaetze
2019,1.91,-4,53.8,Bundesbank MFI lending rates; ECB BLS Germany component; calibrated from published statistics,https://www.bundesbank.de/de/statistiken/geld-und-kapitalmaerkte/zinssaetze-und-renditen/einlagen-und-kreditzinssaetze
2020,1.72,8,58.2,Bundesbank MFI lending rates; ECB BLS Germany component; calibrated from published statistics,https://www.bundesbank.de/de/statistiken/geld-und-kapitalmaerkte/zinssaetze-und-renditen/einlagen-und-kreditzinssaetze
2021,1.65,-3,61.5,Bundesbank MFI lending rates; ECB BLS Germany component; calibrated from published statistics,https://www.bundesbank.de/de/statistiken/geld-und-kapitalmaerkte/zinssaetze-und-renditen/einlagen-und-kreditzinssaetze
2022,2.48,15,64.3,Bundesbank MFI lending rates; ECB BLS Germany component; calibrated from published statistics,https://www.bundesbank.de/de/statistiken/geld-und-kapitalmaerkte/zinssaetze-und-renditen/einlagen-und-kreditzinssaetze
2023,4.51,25,62.1,Bundesbank MFI lending rates; ECB BLS Germany component; calibrated from published statistics,https://www.bundesbank.de/de/statistiken/geld-und-kapitalmaerkte/zinssaetze-und-renditen/einlagen-und-kreditzinssaetze
2024,4.28,10,61.8,Bundesbank MFI lending rates; ECB BLS Germany component; calibrated from published statistics,https://www.bundesbank.de/de/statistiken/geld-und-kapitalmaerkte/zinssaetze-und-renditen/einlagen-und-kreditzinssaetze
