year,almp_spend_bn_eur,participants_public_employment_thousands,avg_programme_wage_eur_hr,note,source_url
2015,3.8,210,10.20,BA Eingliederungsbilanz; calibrated estimates; avg_programme_wage tracks statutory minimum wage,https://statistik.arbeitsagentur.de
2016,4.1,225,10.40,BA Eingliederungsbilanz; calibrated estimates; avg_programme_wage tracks statutory minimum wage,https://statistik.arbeitsagentur.de
2017,4.3,230,10.80,BA Eingliederungsbilanz; calibrated estimates; avg_programme_wage tracks statutory minimum wage,https://statistik.arbeitsagentur.de
2018,4.5,220,11.20,BA Eingliederungsbilanz; calibrated estimates; avg_programme_wage tracks statutory minimum wage,https://statistik.arbeitsagentur.de
2019,4.8,218,11.60,BA Eingliederungsbilanz; calibrated estimates; avg_programme_wage tracks statutory minimum wage,https://statistik.arbeitsagentur.de
2020,6.2,280,11.80,BA Eingliederungsbilanz; calibrated estimates; avg_programme_wage tracks statutory minimum wage,https://statistik.arbeitsagentur.de
2021,5.9,265,12.00,BA Eingliederungsbilanz; calibrated estimates; avg_programme_wage tracks statutory minimum wage,https://statistik.arbeitsagentur.de
2022,5.1,240,12.20,BA Eingliederungsbilanz; calibrated estimates; avg_programme_wage tracks statutory minimum wage,https://statistik.arbeitsagentur.de
2023,5.3,245,12.50,BA Eingliederungsbilanz; calibrated estimates; avg_programme_wage tracks statutory minimum wage,https://statistik.arbeitsagentur.de
2024,5.5,250,12.82,BA Eingliederungsbilanz; calibrated estimates; avg_programme_wage tracks statutory minimum wage,https://statistik.arbeitsagentur.de
