"year","scenario","w_SHK","w_GJG","w_semi","N_SHK_sup","N_SHK_dem","N_GJG","Q","Q_demand","p_install","pi_sector","L_gap","CR","r_loan","def_G","wage_share"
2025,"Baseline",27.2228571428571,0,12,45000,65000,0,299000,431888.888888889,18772.8428093645,0.031,20000,0.08,0.045,0,0.482943410747753
2026,"Baseline",27.7328658773333,0,12.0114816,45900,66170,0,304980,439662.888888889,19142.596196602,0.019696185121894,20270,0.0575999999999999,0.0422,0,0.480726860882256
2027,"Baseline",28.2508876358135,0,12.0236672000373,46818,67953.9432,0,311079.6,451516.200373333,19520.2934587769,0.0197307229539698,21135.9432,0.0199039999999999,0.037488,0,0.478513365892096
2028,"Baseline",28.7913741028079,0,12.0365770095862,47754.36,70810.6182458189,0,317301.192,470497.219011108,19910.2624890601,0.0199776212948219,23056.2582458189,0,0.035,0,0.47639319831318
2029,"Baseline",29.380044826081,0,12.0502228750161,48709.4472,74351.1491581098,0,323647.21584,494022.079961663,20320.097641474,0.0205841159873741,25641.7019581098,0,0.035,0,0.474520993099135
2030,"Baseline",30.0337673125749,0,12.064607224134,49683.636144,78068.7066160153,0,330120.1601568,518723.183959746,20754.8305808829,0.021394234765957,28385.0704720153,0,0.035,0,0.47298685765808
2031,"Baseline",30.7577718575587,0,12.0797326202805,50677.30886688,81972.1419468161,0,336722.563359936,544659.343157734,21216.1251240865,0.022225888156781,31294.8330799361,0,0.035,0,0.471803360519167
2032,"Baseline",31.5579340212562,0,12.095601763091,51690.8550442176,86070.7490441569,0,343457.014627135,571892.31031562,21705.8357567885,0.0230820015359956,34379.8939999393,0,0.035,0,0.47098356616717
2033,"Baseline",32.4408599071224,0,12.1122174892977,52724.672145102,90374.2864963648,0,350326.154919677,600486.925831401,22226.0324327385,0.0239657519654506,37649.6143512628,0,0.035,0,0.470541059513534
2034,"Baseline",33.4128913999273,0,12.1291745937827,53779.165588004,94893.000821183,0,357332.678018071,630511.272122972,22778.6415169126,0.0248631457659552,41113.835233179,0,0.035,0,0.470482498129995
2025,"Scenario A",27.2228571428571,12.82,12,45000,65000,13500,325910,431888.888888889,17949.3970728115,0.031,15950,0.08,0.045,0.227154375,0.46339348719155
2026,"Scenario A",27.8612401693968,13.1405,12.5759908,45900,66170,14783.0625,334447.57125,439662.888888889,18374.1100652681,0.0236616857231304,15835.08125,0.0575999999999999,0.0422,0.254962093025391,0.462810791530267
2027,"Scenario A",28.4465074632657,13.4690125,13.0288807961813,46818,67953.9432,14458.6356368836,339900.480369521,451516.200373333,18860.8601144802,0.0264910816079305,16798.3525089349,0.0199039999999999,0.037488,0.255600901665546,0.463459058317191
2028,"Scenario A",29.0414088933121,13.8057378125,13.4243038579538,47754.36,70810.6182458189,14304.9478604007,345815.721401732,470497.219011108,19337.752184693,0.025284746682718,18764.7738876987,0,0.035,0.259206096951605,0.463582821195388
2029,"Scenario A",29.6906808935434,14.1508812578125,13.7952021234511,48709.4472,74351.1491581098,14230.6743799814,352013.69343743,494022.079961663,19827.0151499658,0.025300922289206,21372.4996441154,0,0.035,0.264306765672747,0.463713576284704
2030,"Scenario A",30.4215462674905,14.5046532892578,14.1581613716382,49683.636144,78068.7066160153,14194.2696926571,358414.071077497,518723.183959746,20341.0501803457,0.0259259917083792,24126.7895642182,0,0.035,0.270221385769402,0.464115569918369
2031,"Scenario A",31.243439439797,14.8672696214892,14.5215905388869,50677.30886688,81972.1419468161,14176.1443892118,364980.344509098,544659.343157734,20885.0520625052,0.0267440411058577,27041.9897631725,0,0.035,0.276623236086192,0.464871410957168
2032,"Scenario A",32.1657216319538,15.2389513620265,14.8898094560404,51690.8550442176,86070.7490441569,14166.8946549933,371696.357972755,571892.31031562,21462.9964309704,0.0276726324040515,30129.8256034413,0,0.035,0.283353811910394,0.466026677126363
2033,"Scenario A",33.198185546985,15.6199251460771,15.2650943654925,52724.672145102,90374.2864963648,14161.9669542848,378555.675715218,600486.925831401,22078.3939948354,0.0286724906209748,33401.0242649774,0,0.035,0.290336633668129,0.467608472353916
2034,"Scenario A",34.3503160738815,16.0104232747291,15.6484443861666,53779.165588004,94893.000821183,14159.1469422842,385556.577589691,630511.272122972,22734.3533574611,0.0297104654794709,36866.0911504938,0,0.035,0.297535790678511,0.469628057322467
2025,"Scenario B",27.2228571428571,19,12,45000,65000,36000,418600,431888.888888889,15923.4591495461,0.031,2000,0.08,0.045,0.89775,0.406687510126681
2026,"Scenario B",27.4318779408254,19.57,15.7907408,45900,66170,58710,439662.888888889,439662.888888889,16436.933440844,0.0322464036536012,0,0.0575999999999999,0.0422,1.50800304375,0.410214398486815
2027,"Scenario B",27.4597074712688,20.1571,17.9819302216893,46818,67953.9432,45954.500120729,451516.200373333,451516.200373333,16880.1443884687,0.0269643330503122,0,0.0372953687686428,0.0396619210960804,1.2157811588784,0.411168627943736
2028,"Scenario B",27.4891718523112,20.761813,19.381518954038,47754.36,70337.893411629,41565.3524835991,455390.529695513,467356.225112824,17373.1864969465,0.0292084058720825,1800.85716982949,0.0035015828401378,0.0354376978550172,1.13265084915094,0.413204618944067
2029,"Scenario B",27.5919951089637,21.38466739,20.3940714857448,48709.4472,73756.2704979779,39720.7271455681,455608.298245832,490069.441753231,17910.3769374661,0.0309206627473906,5186.45972519383,0,0.035,1.1148565817772,0.416052534977867
2030,"Scenario B",27.8119399617402,22.0262074117,21.2223031268102,49683.636144,77444.0840228768,38881.077149085,459291.738685427,514572.913840892,18399.3812979035,0.0273028514221008,8319.90930433425,0,0.035,1.12402850394982,0.41715775348223
2031,"Scenario B",28.131187028698,22.686993634051,21.9679427115168,50677.30886688,81316.2882240206,38484.5964147057,464576.944782125,540301.559532937,18880.1595407265,0.0261301309559632,11396.6811497878,0,0.035,1.14594347945365,0.417699545279046
2032,"Scenario B",28.5470796249359,23.3676034430725,22.682193539204,51690.8550442176,85382.1026352216,38293.6961825556,470677.183055847,567316.637509584,19372.6316199686,0.0260841058138204,14544.3994997262,0,0.035,1.17446687762704,0.418218723221041
2033,"Scenario B",29.0636080963081,24.0686315463647,23.3909823276427,52724.672145102,89651.2077669827,38200.4824256312,477236.646533719,595682.469385063,19887.7363536769,0.026589301020796,17826.2944090651,0,0.035,1.20675625401962,0.418978660681238
2034,"Scenario B",29.6866526193149,24.7906904927557,24.1072100978285,53779.165588004,94133.7681553319,38154.2273530136,484089.500001972,625466.592854316,20431.8956369892,0.0273615495315891,21277.4888908211,0,0.035,1.24145390420466,0.420105259541382
2025,"Scenario C",27.2228571428571,12.82,12,45000,75250.8361204013,18000,300196,5e+05,18733.110367893,0.031,30070.8361204013,0.08,0.045,0.3028725,0.482039562950796
2026,"Scenario C",28.5801668081796,13.1405,12.5759908,45900,75250.8361204013,19710.75,306289.669833333,5e+05,19441.4482805027,0.0378120823877581,29153.7286204013,0.0575999999999999,0.0422,0.339949457367188,0.487311632069477
2027,"Scenario C",29.7845074085728,13.4690125,13.0288807961813,46818,75250.8361204013,19278.1808491781,312360.528016423,5e+05,20094.6694521351,0.0335994089641714,28240.0543119096,0.0506529977306194,0.0413316247163274,0.340801202220728,0.490820779292534
2028,"Scenario C",30.9062005743738,13.8057378125,13.4242958454533,47754.36,75250.8361204013,19073.2638138676,318568.504417855,5e+05,20719.2838019236,0.031083584195116,27305.7434822627,0.0333176991538555,0.0391647123942319,0.345608129268806,0.493288650559165
2029,"Scenario C",31.9770843138293,14.1508812578125,13.7951809116531,48709.4472,75250.8361204013,18974.2438317088,324907.948930151,5e+05,21330.5730110871,0.0295033947605265,26351.6464820842,0.00925100918828814,0.036156376148536,0.35240923123782,0.495107509750904
2030,"Scenario C",33.0111285123821,14.5046532892578,14.1581305244586,49683.636144,75250.8361204013,18925.722024138,331377.669242404,5e+05,21935.7027395692,0.0283691267068877,25377.94275616,0,0.035,0.360295735024302,0.496463795631822
2031,"Scenario C",34.0137685274121,14.8672696214892,14.5215543351275,50677.30886688,75250.8361204013,18901.5670341859,337978.467480652,5e+05,22537.90102874,0.0274528833801406,24384.5115831795,0,0.035,0.368831785042736,0.49744887845671
2032,"Scenario C",34.986403499667,15.2389513620265,14.8897700366392,51690.8550442176,75250.8361204013,18889.2399660652,344712.099682658,5e+05,23138.4968624599,0.0266482594343667,23371.0886765231,0,0.035,0.377806024454925,0.498109759975127
2033,"Scenario C",35.9285607570395,15.6199251460771,15.265052795041,52724.672145102,75250.8361204013,18882.6725958522,351580.803609935,5e+05,23737.9147180841,0.0259056523501611,22337.3372493408,0,0.035,0.387116536412935,0.498472567259321
2034,"Scenario C",36.8378212626324,16.0104232747291,15.6484235718416,53779.165588004,75250.8361204013,18878.9140014467,358587.076970612,5e+05,24335.7967939129,0.0251867985427272,21282.8813923829,0,0.035,0.396715467921112,0.498547385729458
